Customer Role,The Obstacle,The Sales Objection,The Winning Response (Solution),Refined Source
CISO,Data Privacy,We can't send our PII to OpenAI public API.,We deploy via Azure OpenAI Service within your private VPC; zero data retention.,"Microsoft Azure, ""Data, privacy, and security for Azure OpenAI Service,"" 2024."
Legal Counsel,IP Indemnity,"If the AI copies code, are we liable for copyright?",We offer a 'Copyright Shield' indemnity policy to cover any legal claims.,"Microsoft, ""Customer Copyright Commitment,"" Announced Sept 2023."
Head of Sales,Trust/Accuracy,I don't trust it not to lie to my best customers.,We use RAG (Retrieval) to ground every answer in your verified PDFs only.,"Sequoia Capital, ""Generative AI: Act Two,"" 2024."
CTO,Cost/Token Burn,This is going to bankrupt us at scale.,We use a 'Router' to send easy queries to cheap models (GPT-3.5) and hard ones to GPT-4.,"Databricks, ""The CIO's Guide to Generative AI,"" 2024."
Support Manager,Job Fear,My team thinks this tool is here to fire them.,"Position it as a 'Co-pilot' that handles the boring repetitive tickets, not the complex ones.","HBR, ""Reskilling in the Age of AI,"" 2023."
Compliance,Hallucinations,It cited a fake law in our test.,We implement 'Citations' so users can click to verify the source document instantly.,"Anthropic, ""Model Card and Safety Guidelines,"" 2024."
CFO,ROI Uncertainty,Show me the money. Where is the revenue lift?,Start with a pilot on 'Internal Search' (Productivity) before 'Customer Facing' (Risk).,"McKinsey Digital, ""The Economic Potential of Generative AI,"" 2023."
Data Engineer,Data Quality,Our data is a mess; the AI won't learn anything.,We don't need to retrain the model; we just need to index your clean documents (RAG).,"Pinecone, ""Learn: Retrieval Augmented Generation (RAG),"" 2024."
Product Manager,Latency,It takes 5 seconds to answer; users will churn.,"We can switch to a 'Groq' inference chip or a smaller, faster model (Llama 3 8B).","Groq, ""LPU Inference Engine Benchmark Results,"" 2024."
Security,Prompt Injection,Users can trick it into revealing system prompts.,We use a separate 'Guardrail Model' to scan every input before it hits the LLM.,"NVIDIA, ""NeMo Guardrails Technical Blog,"" 2023."
EU Counsel,GDPR/AI Act,Is this compliant with the new EU AI Act?,"Yes, we classify as a 'General Purpose AI' with full transparency logs and opt-out.","European Parliament, ""EU AI Act: Compliance Guide,"" 2024."
VP of Engineering,Vendor Lock-in,I don't want to be stuck with just OpenAI.,Our architecture is 'Model Agnostic'—you can swap GPT-4 for Claude 3 with one config change.,"LangChain, ""Model I/O Documentation,"" 2024."
CEO,Hype Fatigue,We tried a chatbot in 2018 and it sucked.,2018 was 'Pattern Matching' (NLP). 2024 is 'Reasoning' (LLMs). Let me show you the difference.,"Gartner, ""Hype Cycle for Artificial Intelligence,"" 2024."
Operations,Implementation Time,We don't have 6 months to integrate this.,"Because it's pre-trained, we only need 2 weeks to connect your Knowledge Base (APIs).","Y Combinator, ""Startup School: Building with LLMs,"" 2023."
Board Member,Existential Risk,What if this leaks our trade secrets?,We use 'Zero Data Retention' policies—the model processes the data but never learns from it.,"OpenAI, ""Enterprise Privacy Policy,"" 2024."