Year,Total AI Spending ($B),Enterprise Adoption,High-Performer EBIT Impact (%),AI Productivity Frontier,Breakthrough Explanation in Simple Terms,Reliable Tech Context
2016,12.50,0.120,0.012,Image Classification (ResNet),"Computers began ""seeing"" better than humans.","Deep Residual Learning allowed for much deeper neural networks (100+ layers), winning the 2015 ImageNet challenge."
2017,21.80,0.150,0.018,Sequential Text Processing (Transformers),"AI stopped reading word-by-word and started seeing the ""whole picture.""","The ""Attention Is All You Need"" architecture allowed AI to process entire sentences at once, capturing complex context."
2018,37.50,0.200,0.025,Contextual NLP (BERT),AI learned to understand words by looking at what comes both before AND after them.,Google's Bidirectional approach made search engines and translation vastly more accurate by understanding nuances.
2019,48.20,0.240,0.031,Zero-Shot Learning (GPT-2),AI proved it could do tasks (like translating) it was never specifically trained to do.,"Demonstrated that large-scale language modeling leads to ""emergent"" abilities without task-specific data."
2020,67.90,0.350,0.040,Protein Folding / Large Scale NLP (GPT-3),AI solved a 50-year-old biology mystery and began writing human-like essays.,AlphaFold (DeepMind) predicted protein shapes; GPT-3 scaled AI to 175B parameters for high-level text generation.
2021,91.50,0.420,0.048,Multimodal Gen (DALL-E),"AI gained an ""imagination,"" allowing it to create images from simple text.","Connected text and vision (CLIP/DALL-E), enabling the first high-quality text-to-image generative workflows."
2022,118.00,0.500,0.055,Conversational Reasoning (InstructGPT),"AI learned to follow specific human instructions and stop ""rambling.""","Introduced Reinforcement Learning from Human Feedback (RLHF), the logic upgrade that made ChatGPT possible."
2023,189.50,0.550,0.070,Reasoning & Coding (GPT-4),"AI became ""smart"" enough to pass the Bar Exam and write complex software code.",A massive jump in logical reasoning and multimodal (text+image) understanding for professional-grade tasks.
2024,252.30,0.780,0.100,Context-Aware RAG Pipelines,"AI stopped ""hallucinating"" by checking its facts against a company's private documents.","Retrieval-Augmented Generation allows LLMs to query live data sources before answering, ensuring business accuracy."
2025,314.00,0.850,0.125,Autonomous AI Agents,"AI moved from ""chatting"" to ""doing""—performing multi-step tasks independently.","Systems can now use browsers, apps, and APIs to complete goals (like market research) with a single command."
2026,405.00,0.900,0.160,Multi-Agent Orchestration (Agentic Mesh),AI agents began working together as a professional team to solve enterprise problems.,"Multiple specialized agents (e.g., a researcher, a writer, and an auditor) collaborate autonomously to deliver complex projects."